date,platform,business_name,page_url,category,followers,email,phone,website,has_website,address,last_post_date,qualification_score,status,notes
2026-06-25,facebook,IFRA,https://www.facebook.com/ifra.bangladesh,fashion,11K followers,ifra.officialbd@gmail.com,+8801357085045,https://tiktok.com/@ifra_clothing,true,"Level-03, Block-C, Bashundhara City Shopping Mall, Dhaka",1w,9,new,Auto-extracted via extension.
2026-06-25,facebook,Beli mart Alhadaya,https://www.facebook.com/alhadayashop,general,23K followers,124sabbirhossain1999@gmail.com,+8801717184763,http://www.alhadayashopc.om/,true,Dhaka,1d,9,new,Auto-extracted via extension.
2026-06-25,facebook,Ambella,https://www.facebook.com/ambellabd,fashion,8.6K followers,ambella2025@gmail.com,+8801540514914,,false,,1h,9,new,Auto-extracted via extension.
2026-06-25,facebook,Asma Fashion,https://www.facebook.com/asmafashionctg,fashion,20K followers,asmafashion850@gmail.com,,https://www.facebook,true,"Block , Halishahar, Chittagong","Jun 25, 2026 11:37 AM",9,new,Auto-extracted via extension.
2026-06-25,facebook,AT Luxury Jewellers,https://www.facebook.com/atluxuryjewellers,jewelry,12K followers,atluxuryjewellers@gmail.com,,,false,Dhaka,"Jun 25, 2026 2:03 PM",10,new,Auto-extracted via extension.
2026-06-25,facebook,Plus Size Clothing BD,https://www.facebook.com/plussizeclothingbd1,fashion,118K followers,wholesalebazaarclothing@gmail.com,+8801611389555,http://www.wholesalebazaarbd.com/,true,"sector 15 Uttara, west side of Uttara Uttar Metro station, Dhaka","Jun 25, 2026 4:49 PM",10,new,Auto-extracted via extension.
2026-06-25,facebook,Arno Fashion Gallery,https://www.facebook.com/ArnoFashionGallery,fashion,48K followers,nasrinakter1510@gmail.com,+8801317408139,,false,"House-50, Jhawlahati Chowrasta, Ashrafabad, Kamrangirchar, Dhaka","Jun 24, 2026 12:11 PM",10,new,Auto-extracted via extension.
2026-06-25,facebook,The Hawkers,https://www.facebook.com/thehawkersbd,general,159K likes,thehawkersbd@gmail.com,+8801312893183,,false,Dhaka,"Jun 24, 2026 10:23 PM",10,new,Auto-extracted via extension.
2026-06-25,facebook,Dhaka Shop BD,https://www.facebook.com/dhakashopchinabd,retail,3.3K followers,mamunhasanprince@gmail.com,+8801754980665,,false,Dhaka,"Jun 24, 2026 10:09 AM",10,new,Auto-extracted via extension.
2026-06-25,facebook,Boys Gift Shop,https://www.facebook.com/profile.php?id=61554334586497,retail,10K followers,,+8801627572881,,false,Dhaka,2h,9,new,Auto-extracted via extension.
2026-06-25,facebook,Rainbowmart,https://www.facebook.com/ourrainbowmart,general,247K followers,ourrainbowmart@gmail.com,+8801742689007,,false,Dhaka,43m,9,new,Auto-extracted via extension.
2026-06-26,facebook,Mohavir Life style,https://www.facebook.com/MohavirFashion,fashion,54K followers,mohavirfashion@gmail.com,+8801611451581,,false,"Road)Dhaka-1205 & 218,New Elephant Road,Bata Signal,Dhaka-1205 , Dhaka, Bangladesh, 1205
Dhaka, Dhaka",22h,10,new,Auto-extracted via extension.
2026-06-26,facebook,Glamgrl,https://www.facebook.com/glamgrl.com.bd,general,1.4M followers,info@glamgrl.com.bd,+8801407055100,http://www.glamgrl.com.bd/,true,"Road 16(new) 27(old), Shop 15,Level 3, Dhanmondi, Dhaka, Bangladesh, 1209
Rangpur, Rangpur Division, Bangladesh · Khulna, Khulna",1m,9,new,Auto-extracted via extension.
2026-06-26,facebook,Miss Organic Bangladesh,https://www.facebook.com/fromvillagEarth,services,59K followers,missorganicbangladesh@gmail.com,"+8801913488684, +8801913515013",https://missorganicbangladesh.com/,true,Dhaka,2h,9,new,Auto-extracted via extension.
2026-06-26,facebook,Butter & Grace Khilgaon,https://www.facebook.com/profile.php?id=61589431926592,restaurant,1.5K likes,buttergrace95@gmail.com,+8801319125897,,false,"Level-3, Taltola Khilgaon Road, (Beside Taltola Market) 1219 Dhaka, Bangladesh., Dhaka","Jun 24, 2026 8:14 PM",10,new,Auto-extracted via extension.
2026-06-26,facebook,Cluf,https://www.facebook.com/clufonlineshopping,fashion,58K followers,clufbd@gmail.com,+8801840311117,https://clufbd.com/,true,"road 15 avenue 2 Mirpur DOHS, Dhaka",5d,9,new,Auto-extracted via extension.
2026-06-26,facebook,"Sellirio 
(Online Shop)",https://www.facebook.com/sellirio,retail,80K followers,support@sellirio.com,+8801918311422,https://tiktok.com/@sellirio_bd,true,"Level 4 (Lift 3), New Market City Complex, Dhaka, Bangladesh, 1000
Chittagong Division · Rangpur Division · Sylhet",6h,9,new,Auto-extracted via extension.
2026-06-26,facebook,Pot Of Jewellery,https://www.facebook.com/PotOfJewellery.bd,jewelry,7.1K followers,,,https://www.instagram,true,Dhaka,6m,7,new,Auto-extracted via extension.
2026-06-26,facebook,London Spree,https://www.facebook.com/londonspree.bd,general,32K followers,,,,false,Dhaka,"Jun 26, 2026 3:24 PM",9,new,Auto-extracted via extension.
2026-06-26,facebook,Baago.shop.bd,https://www.facebook.com/Baago.shop.bd,general,30K followers,baagoshop@gmail.com,+8801329607127,http://baagoshop.shop/,true,Dhaka,"Sep 26, 2025 12:17 AM",6,new,Auto-extracted via extension.
2026-06-26,facebook,Lady Cart BD,https://www.facebook.com/ladycartbd,general,3.3K followers,,+8801962618205,,false,Dhaka,"Jun 26, 2026 12:43 AM",10,new,Auto-extracted via extension.
2026-06-26,facebook,Treasure,https://www.facebook.com/treasurebytabassum,fashion,148K followers,treasure90908@gmail.com,+8801810763177,https://www.facebook,true,Chittagong,18h,9,new,Auto-extracted via extension.
2026-06-26,facebook,Perryco,https://www.facebook.com/profile.php?id=61572421354684,general,252K followers,perryco.official@gmail.com,+8801752082649,,false,Dhaka,8h,9,new,Auto-extracted via extension.
2026-06-26,facebook,Sara’s Collection,https://www.facebook.com/sarasscollectionn,general,29K followers,sa.piuly1996@gmail.com,+8801789435497,,false,Dhaka,6d,10,new,Auto-extracted via extension.
2026-06-26,facebook,Sāṅjh,https://www.facebook.com/Sanjh.Boutique,fashion,263K followers,,"+8801942912129, +8801310589809",https://www.facebook,true,Dhaka,6h,8,new,Auto-extracted via extension.
2026-06-26,facebook,Leo Trades,https://www.facebook.com/LeoTrades,retail,313K followers,rahmanj209@gmail.com,"+8801611156162, +8801671669473, +101611156162",,false,Dhaka,22h,10,new,Auto-extracted via extension.
2026-06-26,facebook,Tamaz BD-Mirpur 2,https://www.facebook.com/tamazbdmirpur2,general,118K followers,tamazbdmirpur2@gmail.com,"+8801994887453, +201994887453",,false,"Floor,Mirpur Shopping Center,Mirpur 2, Dhaka","Jun 26, 2026 5:34 PM",10,new,Auto-extracted via extension.
2026-06-26,facebook,Dress It Up,https://www.facebook.com/dressitupbylamsam,fashion,68K followers,dressitup899@gmail.com,,,false,Dhaka,4h,9,new,Auto-extracted via extension.
2026-06-26,facebook,Mibsam Perfumes,https://www.facebook.com/mibsamperfumes,general,15K followers,mibsamperfume@gmail.com,+8801338250065,http://yashabd.com/,true,Dhaka,"Jun 25, 2026 12:19 PM",10,new,Auto-extracted via extension.
2026-06-26,facebook,Stellar Perfumes,https://www.facebook.com/stellarperfumes,general,4.7K followers,,+8801329163448,http://www.stellarperfumes.com.bd/,true,Sylhet,"May 18, 2026 9:01 PM",8,new,Auto-extracted via extension.
2026-06-26,facebook,Jhumu collection,https://www.facebook.com/profile.php?id=100065244273248,general,443K followers,jhumucollection1@gmail.com,+8801715058265,,false,Narayanganj,"Jun 26, 2026 3:01 PM",10,new,Auto-extracted via extension.
2026-06-26,facebook,Bag Lounge Bd,https://www.facebook.com/WholesaleLoungeBD,retail,19K followers,humayrakhan1234@gmail.com,+8801865429478,,false,Dhaka,"Jun 25, 2026 1:18 PM",10,new,Auto-extracted via extension.
2026-06-26,facebook,Dulcet Stuff,https://www.facebook.com/profile.php?id=61554161270211,retail,149K followers,dulcetstuff29@gmail.com,+8801581655404,,false,Dhaka,6h,10,new,Auto-extracted via extension.
2026-06-26,facebook,Sanad,https://www.facebook.com/Sanadwear,services,126K followers,sanadwear@gmail.com,+8801909423634,,false,Chittagong,1h,10,new,Auto-extracted via extension.
2026-06-26,facebook,Rahmans,https://www.facebook.com/profile.php?id=61550873576081,retail,237K followers,,+8801602054288,http://www.therahmansstore.com/,true,"Floor,
Madina Ashik Tower, Chawkbazar, Dhaka","Jun 23, 2026 11:30 PM",9,new,Auto-extracted via extension.
2026-06-26,facebook,"F & c bd 
(F n C)",https://www.facebook.com/fnc.fashionnclick,fashion,589K followers,ishratfnc111@gmail.com,+8801712109850,,false,"Road, Dhaka, Bangladesh, 1215
Chittagong Division · Rangpur Division · Sylhet Division · Dhaka Division · Khulna Division · Rajshahi","Jun 26, 2026 5:52 PM",10,new,Auto-extracted via extension.
2026-06-26,facebook,Satori,https://www.facebook.com/satori.bdd,home,610K followers,,+8801841728674,,false,"Road No. 11, 2FL, Banani, Dhaka ( Above Monno Ceramics ), Dhaka","Jun 24, 2026 10:03 PM",10,new,Auto-extracted via extension.
2026-06-26,facebook,Glory Furniture and Home decor,https://www.facebook.com/gloryfurnitureandhomedecor,home,31K followers,jiaursafollo@gmail.com,"+8801815251174, +8801752900500",https://gloryfurniture.com.bd/,true,"House#21, Road#7, Block#J, (Baganbari Bustand), Banasree, Rampura , Dhaka","Jun 25, 2026 6:00 PM",10,new,Auto-extracted via extension.
2026-06-26,facebook,4 Sisters Home Decor & Lighting,https://www.facebook.com/4SistersBD,home,4.6K followers,,"+8801400506082, +8801865896523",https://4sistersbd.com/,true,Dhaka,"Jun 26, 2026 7:40 AM",9,new,Auto-extracted via extension.
2026-06-26,facebook,Watch BD Shop,https://www.facebook.com/watchbdshop,retail,18K followers,,+8801607098714,,false,Dhaka,3h,9,new,Auto-extracted via extension.
2026-06-26,facebook,Barcode by Taru,https://www.facebook.com/TaruBarcode,fashion,62K followers,,"+8801717753142, +8801717434364",,false,"road) House Number 36 (beside of Domino's Pizza) Dhanmondi simanta Sambhar market level 1,shop number 1006 , Dhaka","Jun 26, 2026 5:01 PM",10,new,Auto-extracted via extension.
2026-06-26,facebook,RAIN Clothing Bangladesh,https://www.facebook.com/RainclothingBangladesh,fashion,443K followers,,"+8801711333169, +8801712262814",,false,Dhaka,"Jun 25, 2026 6:08 PM",10,new,Auto-extracted via extension.
2026-06-27,facebook,May be an image of text,https://www.facebook.com/artbd,fashion,496K followers,,+8801792000000,https://artlifestyle.com.bd/,true,Dhaka,13h,8,new,Auto-extracted via extension.
2026-06-27,facebook,Quality apparel,https://www.facebook.com/profile.php?id=61569066623805,fashion,126K followers,qualityapparel038@gmail.com,+8801405241044,,false,Dhaka,1h,10,new,Auto-extracted via extension.
2026-06-27,facebook,New BD Jewellery Rigga,https://www.facebook.com/profile.php?id=61577181908084,jewelry,7.8K followers,,+0505300269,https://tiktok.com/@new.bd.jewellery3,true,,12h,7,new,Auto-extracted via extension.
2026-06-27,facebook,Kayes Perfume Gallery,https://www.facebook.com/Kayes.Perfumes,general,30K followers,,+8801332547671,,false,Dhaka,3d,8,new,Auto-extracted via extension.
2026-06-27,facebook,Beauty Obsession,https://www.facebook.com/profile.php?id=100063762420199,jewelry,26K followers,,+8801831477530,,false,Dhaka,"Jun 26, 2026 11:02 PM",10,new,Auto-extracted via extension.
2026-06-27,facebook,Classy Anaya,https://www.facebook.com/classyanaya,fashion,4.1K followers,anannahasan94@gmail.com,+8801982898019,,false,Rangpur,"Jun 27, 2026 10:30 AM",10,new,Auto-extracted via extension.
2026-06-27,facebook,Goyna kutir.BD-গয়না কুটির,https://www.facebook.com/goynakutir1118,jewelry,52K likes,goynakutir1811@gmail.com,+8801729652507,,false,Dhaka,"Jun 22, 2026 9:00 PM",10,new,Auto-extracted via extension.
2026-06-27,facebook,RS Beauty BD,https://www.facebook.com/RSbeautyBD24Time,fashion,25K followers,nahiyanshamim16@gmail.com,+8801790255267,,false,"Dhaka, Bangladesh
Details
100% recommend (37 Reviews)
$
Elephant road",1d,10,new,Auto-extracted via extension.
2026-06-27,facebook,Fashion purifyin,https://www.facebook.com/profile.php?id=100090197431857,fashion,27K followers,nahid.khan0709@gmail.com,+8801626543667,,false,Dhaka,"Jun 26, 2026 12:37 AM",10,new,Auto-extracted via extension.
2026-06-27,facebook,Hoss Fashion,https://www.facebook.com/Hossfashionn,fashion,100K followers,hossfashion2@gmail.com,"+8801781913106, +6255097970",,false,Dhaka,23h,10,new,Auto-extracted via extension.
2026-06-27,facebook,Milana,https://www.facebook.com/milainaofficial,retail,1.2M followers,malihabin7@gmail.com,"+8801886439982, +8801862966098, +501886439982",http://milana-bd.com/,true,"level 2 block c shop 74&75 , Dhaka, Bangladesh, 1209
Dhaka, Dhaka",1h,9,new,Auto-extracted via extension.
2026-06-27,facebook,Online Mart BD,https://www.facebook.com/onlinemartbd0,general,58K followers,onlinemartbd2022@gmail.com,"+8801973322753, +101973322753",https://tiktok.com/@online_mart_bd%3F_t%3DZS-8srRpgaJN4M%26_r%3D1,true,Dhaka,1d,9,new,Auto-extracted via extension.
2026-06-27,facebook,The kitchen and decor,https://www.facebook.com/profile.php?id=100075844362303,services,34K followers,arohisosi15@gmail.com,+8801754679063,,false,Dhaka,2h,10,new,Auto-extracted via extension.
2026-06-27,facebook,Al Baik International,https://www.facebook.com/albaikint,restaurant,11K followers,thealbaikinernational@gmail.com,"+8801727999400, +8801339939669",https://www.thealbaikinternational.com/,true,"Road, Khulshi, Chattogram",27m,9,new,Auto-extracted via extension.
2026-06-27,facebook,Sadeeq agro,https://www.facebook.com/sadeeqagrobd,restaurant,138K followers,sadeeqagro1207@sadeeqagro.com,"+8801980008886, +8801958083858",http://www.sadeeqagro.com/,true,Dhaka,1w,9,new,Auto-extracted via extension.
2026-06-27,facebook,Shopping with Suporna,https://www.facebook.com/profile.php?id=61555003916819,general,28K followers,supornachowdhury01@gmail.com,,https://www.instagram,true,Dhaka,"Jun 27, 2026 3:27 PM",9,new,Auto-extracted via extension.
2026-06-27,facebook,Meena Bazar,https://www.facebook.com/meenabazar.bd,retail,770K followers,info@meenabazar.com.bd,"+8801933117755, +8801908517019",https://tiktok.com/@meenabazarbd,true,,"Jun 27, 2026 12:00 PM",9,new,Auto-extracted via extension.
2026-06-27,facebook,BD grocery shop,https://www.facebook.com/bd.grocery.shop,retail,132K followers,nusratjahanshorna2020@gmail.com,,https://tiktok.com/@bd.grocery.shop821%3F_t%3DZS-8uxBxILuev3%26_r%3D1,true,Dhaka,35m,8,new,Auto-extracted via extension.
2026-06-27,facebook,Almas Super Shop,https://www.facebook.com/almassupershop,retail,11K followers,almassupershop.online@gmail.com,+8801791324728,http://almas.com.bd/,true,"House #81,Road 8/A,Dhanmondi,Dhaka, Dhaka, Bangladesh, 1209
Dhaka, Dhaka",4d,9,new,Auto-extracted via extension.
2026-06-27,facebook,GroceryGuy,https://www.facebook.com/Grocery.Guy123,retail,7K followers,,+8801973667388,https://groceryguybd.com/,true,"House#13/A,Road#17,Block#K,Banani,Dhaka-1213, Banani Model Town, Bangladesh, 1213
Dhaka, Dhaka","Jun 26, 2026 6:13 PM",9,new,Auto-extracted via extension.
2026-06-27,facebook,Super Store,https://www.facebook.com/SuperStoreAnwar,retail,113K followers,mssuperstore40@gmail.com,"+8801888000461, +8801794690562",,false,Dhaka,3h,10,new,Auto-extracted via extension.
2026-06-27,facebook,Elor,https://www.facebook.com/elorofficial.bd,jewelry,136K followers,official.elor@gmail.com,"+8801886580924, +1861044702",https://pinterest.com/elorofficial,true,"Road No. 11, Banani, Dhaka","Jun 25, 2026 7:30 PM",10,new,Auto-extracted via extension.
2026-06-27,facebook,One Electronics,https://www.facebook.com/oneelectronics.com.bd,retail,50K followers,,+8801335175150,http://www.oneelectronics.com.bd/,true,"road,sutrapur,dhaka",5d,8,new,Auto-extracted via extension.
2026-06-27,facebook,Dhaka Fashion,https://www.facebook.com/dhakafashion.89,fashion,65K followers,ariful.islam070389@gmail.com,+8801717825382,,false,"Floor,Eastern Mollika shopping Complex,Old Elephant Road Dhaka",1d,10,new,Auto-extracted via extension.
2026-06-27,facebook,The Beauty Lounge,https://www.facebook.com/thebeautyloungebd,beauty,151K followers,thebeautyloungebd@gmail.com,+8801309009343,,false,Dhaka,"Apr 21, 2026 7:32 PM",9,new,Auto-extracted via extension.
2026-06-27,facebook,Fashion Corner BD,https://www.facebook.com/fashioncornerbd7,fashion,79K followers,rzbrtna@gmail.com,+8801581620106,,false,Dhaka,1w,10,new,Auto-extracted via extension.
2026-06-27,facebook,At The Table,https://www.facebook.com/atthetablefoodcourt,restaurant,35K followers,atthetablefoodcourt@gmail.com,+8801955575034,,false,Dhaka,"Jun 25, 2026 8:20 PM",10,new,Auto-extracted via extension.
2026-06-27,facebook,Vault Dhaka,https://www.facebook.com/vaultdhaka,restaurant,25K followers,vaultdhaka@gmail.com,+8801897646488,,false,"Avenue, Dhaka, Bangladesh, 1213
Services
Specialties
Reservations
 
 · Dine-in
Contact info
 vaultdhaka
01897-646488
vaultdhaka",1d,10,new,Auto-extracted via extension.
2026-06-27,facebook,fashiongallery.com,https://www.facebook.com/fashiongallerytailorsandfabrics,fashion,2.9K followers,badshapunno@gmail.com,+8801712168314,http://fashiongellery.com/,true,"road,Dhaka-1229 Bangladesh., Dhaka, Bangladesh, 1229
Dhaka, Dhaka","Jun 26, 2026 8:16 PM",10,new,Auto-extracted via extension.
2026-06-27,facebook,Hello Dhaka,https://www.facebook.com/hellodhaka21,restaurant,1.4K followers,,+64 6-982 8775,,false,Dhaka,"Jun 27, 2026 7:42 AM",9,new,Auto-extracted via extension. Manual input — Phone: +64 6-982 8775.
2026-06-27,facebook,Oasis Outfit,https://www.facebook.com/oasisoutfit,retail,947K followers,oasisoutfit@gmail.com,"+8801404000983, +701404000983",https://www.oasisoutfit.com/,true,"Floor) 4, Zakir Hossain Road, Concord Khulshi Town Center,Khulshi,Chattagram. , Chittagong, Bangladesh, 4202
Rangpur, Rangpur","Jun 27, 2026 5:47 PM",10,new,Auto-extracted via extension.
2026-06-27,facebook,Unique Home Decoration Item,https://www.facebook.com/UniqueHomeDecorationItem,home,52K followers,uniquehomedecorationitem@gmail.com,"+8801303337117, +8801795598634",http://www.uniquehomedecorationitem.com.bd/,true,Dhaka,"Jun 27, 2026 2:23 PM",10,new,Auto-extracted via extension.
2026-06-27,facebook,Arma,https://www.facebook.com/arma.bangladesh,general,103K followers,mahemahossain@gmail.com,"+8801326239157, +20320310413",https://tiktok.com/@arma_bangladesh,true,Rangpur,20h,9,new,Auto-extracted via extension.
2026-06-27,facebook,Saiful Express Ltd.,https://www.facebook.com/SaifulExpressLtd,general,3.3M likes,saifulislam1423@gmail.com,+4344991218,,false,Dhaka,"Jun 27, 2026 5:31 PM",10,new,Auto-extracted via extension.
2026-06-27,facebook,Beauty Looks,https://www.facebook.com/profile.php?id=100026823202097,services,12K followers,beautylooks73@gmail.com,"+8801410611692, +5301410611692",https://tiktok.com/@beauty.looks53,true,Dhaka,"Jun 25, 2026 8:55 PM",10,new,Auto-extracted via extension.
2026-06-27,facebook,A1 Beauty Collection BD,https://www.facebook.com/A1BeautyCollectionBD,services,13K followers,a1beautycollectionbd2025@gmail.com,+8801622001993,https://a1beautycollectionbd.com/,true,"Holding no: 111/1, North Mugda Road, Dhaka-1214, Bangladesh, Dhaka, Bangladesh
Dhaka, Dhaka",19h,9,new,Auto-extracted via extension.
2026-06-27,facebook,A1 watch collection,https://www.facebook.com/a1watchcollection,general,6.7K followers,,"+8801622001993, +8801670870162",,false,"Holding No. 111/1, Uttar Mugda Main Road, Dhaka-1214, Dhaka, Bangladesh, 1214
Chittagong Division · Sylhet Division · Rangpur, Rangpur","Jun 26, 2026 11:54 AM",10,new,Auto-extracted via extension.
2026-06-27,facebook,Gent Apparel BD,https://www.facebook.com/gentapparelbd,fashion,8.1K followers,,+8801560018131,,false,Dhaka,"Jun 24, 2026 3:22 PM",10,new,Auto-extracted via extension.
2026-06-27,facebook,Zero Entry,https://www.facebook.com/profile.php?id=61566907111518,fashion,5.1K followers,,"+8801730903063, +8801772021721",http://www.zeroentrybyhskhan.com/,true,Dhaka,"Jun 27, 2026 7:25 PM",9,new,Auto-extracted via extension.
2026-06-27,facebook,FAUJI,https://www.facebook.com/FAUJIlifestyle,general,21K followers,faujilifestylebd@gmail.com,"+8801776113322, +8801814835756, +8801476255521, +201476255521",http://www.faujilifestyle.com/,true,Dhaka,6d,9,new,Auto-extracted via extension.
2026-06-27,facebook,Decent Wear BD,https://www.facebook.com/decentwearbd,general,41K followers,decentweardw@gmail.com,+8801684811030,https://page.Again,true,Dhaka,"Jun 27, 2026 2:08 PM",10,new,Auto-extracted via extension.
2026-06-27,facebook,Time Zone BD by Afsana,https://www.facebook.com/artofsharibd4,jewelry,61K followers,,+8801638626700,https://www.facebook,true,Dhaka,"Jun 27, 2026 3:15 PM",9,new,Auto-extracted via extension.
2026-06-27,facebook,May be an image of wrist watch and text,https://www.facebook.com/Haseebwatchco,retail,16K followers,hwczone@gmail.com,+8801676413341,,false,"road, Hazi Eliyas market, Dhaka",22m,10,new,Auto-extracted via extension.
2026-06-27,facebook,Artyship,https://www.facebook.com/artyshipbd,general,205K followers,artyshipbd@gmail.com,+8801303422903,http://www.artyship.com/,true,Dhaka,21h,9,new,Auto-extracted via extension.
2026-06-27,facebook,United 25,https://www.facebook.com/UnitedJFP,services,16K followers,dreamexworld005@gmail.com,"+8801318791026, +001318791026",http://president.bd/,true,"Level 3/A,Shop-3A-003, Bashundhara residential area,Dhaka-1212, Bangladesh, Dhaka, Bangladesh, Dhaka, Bangladesh, Dhaka",5h,9,new,Auto-extracted via extension.
2026-06-27,facebook,Yazmeen Luxe,https://www.facebook.com/yazmeenluxe,fashion,34K followers,yazmeenluxe@gmail.com,"+8801348998889, +8801348998886",,false,"Floor, Concord MB Tower, Road-11, House-81, Banani, Dhaka, Bangladesh, 1213
Banani Model Town, Dhaka","Jun 27, 2026 7:00 PM",10,new,Auto-extracted via extension.
2026-06-27,facebook,Hi Choice,https://www.facebook.com/hichoicebag,general,57K followers,zarifacosmetics@gmail.com,+8801915774204,https://www.facebook,true,Dhaka,"Jun 25, 2026 5:46 PM",10,new,Auto-extracted via extension.
2026-06-28,facebook,Cake Paradise,https://www.facebook.com/cakeparadisebd,retail,107K followers,admin@cakeparadisebd.com,+8801339585791,https://www.cakeparadisebd.com/,true,"building 3rd floor, Dhaka-1207. , Dhaka, Bangladesh, 1207
Dhaka, Dhaka Division, Bangladesh · Tongi, Dhaka","Jun 28, 2026 11:02 AM",10,new,Auto-extracted via extension.
2026-06-28,facebook,Bag Image,https://www.facebook.com/bagimage9966,general,20K followers,,"+8801819482751, +8801971482751",https://www.youtube,true,Dhaka,"Jun 20, 2026 3:41 PM",8,new,Auto-extracted via extension.
2026-06-28,facebook,Furniture Shop BD,https://www.facebook.com/furniturebd11,home,9.7K followers,hosaindelowar818@gmail.com,+8801408827284,,false,"Road Badda , Dhaka",2d,10,new,Auto-extracted via extension.
2026-06-28,facebook,Lueur Bakery,https://www.facebook.com/bakery.lueur,restaurant,23K followers,lueur.bangladesh@gmail.com,"+8801880079214, +8801896204113, +8801896204117",https://www.foodbooking.com/api/fb/jbm_m3,true,"House 158/e, Kemal Ataturk Avenue, Banani, Dhaka, Bangladesh, 1213
Banani Model Town, Dhaka","Jun 25, 2026 2:02 PM",10,new,Auto-extracted via extension.
2026-06-28,facebook,Cake Factory-Online Cake shop,https://www.facebook.com/CakefactoryBD,retail,9K followers,mmcorporation.aa@gmail.com,+8801313388138,https://www.facebook,true,Dhaka,"Jun 27, 2026 5:04 PM",10,new,Auto-extracted via extension.
2026-06-28,facebook,BD Budget Beauty - BBB,https://www.facebook.com/bdbudgetbeautyofficial,beauty,1.2M followers,bdbudgetbeauty@gmail.com,"+8801734473738, +8801872650847",http://www.bdbudgetbeauty.com/,true,"Floor), Jamuna Future Park. , Dhaka",1h,9,new,Auto-extracted via extension.
2026-06-28,facebook,Brand Glam Shop,https://www.facebook.com/Faceplacekhulna,retail,35K followers,,+8801632989635,,false,Khulna,"Jun 28, 2026 10:05 AM",10,new,Auto-extracted via extension.
2026-06-28,facebook,LipTales,https://www.facebook.com/profile.php?id=61578987833480,beauty,35K likes,afrinmeem88@gmail.com,"+8801715360930, +5601715360930",https://tiktok.com/@liptales56,true,Dhaka,11h,9,new,Auto-extracted via extension.
2026-06-28,facebook,Rayam Furniture,https://www.facebook.com/rayamfurniture,home,21K followers,,"+8801723574885, +8801913386356",https://rayamfurniture.blogspot.com/,true,"House:164, Shadhinata Sharani, Uttar Badda, Gulshan, Dhaka","Jun 27, 2026 11:06 PM",9,new,Auto-extracted via extension.
2026-06-28,facebook,Porcelaina HOME,https://www.facebook.com/porcelainahome,home,144K followers,porcelainahome@gmail.com,"+8801321153885, +8801321153888",https://www.facebook,true,"Road,(Bata Signal Bus Stop), Dhaka, Bangladesh, 1205
Dhaka, Dhaka","Jun 20, 2026 8:02 PM",10,new,Auto-extracted via extension.
2026-06-28,facebook,Rakib Enterprise01,https://www.facebook.com/Nusrat.13678854,home,93K followers,alonejahid44@gmail.com,"+8801782733403, +0070969174",http://www.rakibenteprise.com/,true,Dhaka,"Jun 27, 2026 6:20 PM",10,new,Auto-extracted via extension.
2026-06-28,facebook,Furniture Valley,https://www.facebook.com/FurnituresValleyBD,home,17K followers,info@furniturevalleybd.com,+8801724495721,https://furniturevalleybd.com/,true,"Level 3,House - 01, Road - 04, Sector-1, Uttara, Dhaka",1d,9,new,Auto-extracted via extension.
2026-06-28,facebook,Shoukhin Furniture BD,https://www.facebook.com/ShoukhinFurnitureBD,home,20K followers,,+8801869521570,,false,Dhaka,"Jun 26, 2026 11:39 AM",10,new,Auto-extracted via extension.
2026-06-28,facebook,Furniture Brand BD,https://www.facebook.com/furniturebrandb,home,27K followers,furniturebrandbd@gmail.com,+8801718884056,https://tiktok.com/@furniture_brand_bd,true,road mohammadpur dhaka,5d,9,new,Auto-extracted via extension.
2026-06-28,facebook,NM Furniture.BD,https://www.facebook.com/p/NM-FurnitureBD-61564652784895,general,29K followers,nmfurniturebd1@gmail.com,"+8801988954281, +0101988954281",http://furniture.bd/,true,"Avenue, North badda U-turn, Gulshan 1212 Dhaka, Dhaka Division, Bangladesh, Dhaka","Jun 27, 2026 4:35 PM",10,new,Auto-extracted via extension.
2026-06-28,facebook,The DIY Life with Anika,https://www.facebook.com/anikasdiylife,general,511K followers,anika@anikasdiylife.com,,http://www.anikasdiylife.com/,true,,"Jun 28, 2026 7:00 AM",7,new,Auto-extracted via extension.
2026-06-28,facebook,Plant paradise,https://www.facebook.com/profile.php?id=100084333412061,general,19K followers,,,https://www.facebook,true,Narsingdi,3h,6,new,Auto-extracted via extension.
2026-06-28,facebook,Modern Shopping BD - মডার্ন শপিং বিডি,https://www.facebook.com/modernshopping.com.bd,retail,131K followers,modernshoppingbd@gmail.com,"+8801608959545, +8801608959546, +8801608959547",http://www.modernshopping.com.bd/,true,"House 52/2,Monorshor Road, Zigatola, [Near Dhanmondi 3A] , Dhaka, Bangladesh 1209., Dhaka",11m,9,new,Auto-extracted via extension.
2026-06-28,facebook,IBinna BD,https://www.facebook.com/snackstore19,services,15K followers,ibinna19@gmail.com,+8801890534901,,false,Dhaka,1d,10,new,Auto-extracted via extension.
2026-06-28,facebook,Hejab Fashion Wholesale BD,https://www.facebook.com/HejabFashionWholesale1,fashion,247K followers,mdh33785@gmail.com,+8801315393531,,false,"road , Dhaka, Bangladesh, 1100
Dhaka, Dhaka","Jun 28, 2026 12:39 AM",10,new,Auto-extracted via extension.
2026-06-28,facebook,La Boutique,https://www.facebook.com/laboutiqueproducts,fashion,67K likes,,+8801601643968,,false,"House 100, Road 13/c, Block -E Banani, Dhaka 1213, Dhaka, Bangladesh, 1213
Dhaka, Dhaka",5d,9,new,Auto-extracted via extension.
2026-06-28,facebook,KSS-Keya's Stream,https://www.facebook.com/kssBD2k19,fashion,101K followers,,"+8801885283949, +8801916301362",,false,Dhaka,2h,9,new,Auto-extracted via extension.
2026-06-28,facebook,Loom & Lace,https://www.facebook.com/profile.php?id=61567708347362,jewelry,31K followers,,+8801868864154,https://www.meta.ai/,true,Dhaka,a week ago,9,new,Auto-extracted via extension.
2026-06-28,facebook,Clotheo,https://www.facebook.com/ClotheoApparels,fashion,2.7K likes,clotheo2021@gmail.com,+8801886998665,,false,Chittagong,"Jun 24, 2026 9:16 AM",10,new,Auto-extracted via extension.
2026-06-28,facebook,Victor Lifestyle,https://www.facebook.com/victorlifestyle,fashion,25K followers,,+8801897717100,,false,Rangpur,22h,9,new,Auto-extracted via extension.
2026-06-28,facebook,BD Bag Collection,https://www.facebook.com/bdbagcollection,retail,169K followers,bdbagcollection@gmail.com,+8801648146909,,false,,"Jun 25, 2026 1:24 AM",10,new,Auto-extracted via extension.
2026-06-28,facebook,Heaven Park BD,https://www.facebook.com/profile.php?id=100094499752447,general,61K followers,heavenparkbd1@gmail.com,+8801989842589,,false,Dhaka,"Jun 28, 2026 5:19 PM",10,new,Auto-extracted via extension.
2026-06-28,facebook,Mimosa Lifestyle,https://www.facebook.com/mimosalifestylebiz,fashion,10K followers,mimosalifestylebiz@gmail.com,+8801841884362,,false,Dhaka,"Jun 27, 2026 9:40 PM",10,new,Auto-extracted via extension.
2026-06-28,facebook,Decor palace,https://www.facebook.com/decorpalace0,home,11K followers,ddecorpalace@gmail.com,"+8801992439564, +8801601982853",,false,Dhaka,15h,10,new,Auto-extracted via extension.
2026-06-28,facebook,নন্দিতা কুটির - Nandita Kutir,https://www.facebook.com/NanditaKutir,home,46K followers,,+8801886789415,http://nanditakutir.com/,true,"House: 3/1, Beside beribadh Road, Mohammadia housing limited, Mohammadpur, Dhaka, Bangladesh, 1207
Chittagong Division · Rangpur","Jun 28, 2026 12:17 PM",9,new,Auto-extracted via extension.
2026-06-28,facebook,Koncept Furniture,https://www.facebook.com/konceptbd,home,14K followers,konceptbd@gmail.com,+8801610444999,,false,"House #11/A, Baksh Tower, Road #48, (Kamal Ataturk Avenue), Gulshan 2, Dhaka","Jun 21, 2026 3:39 PM",10,new,Auto-extracted via extension.
2026-06-28,facebook,PLANT,https://www.facebook.com/Plantfurniture,home,112K followers,,+8801971222696,http://www.plantgroupbd.com/,true,"road, sattar komishonar road , pump er goli, Mirpur-2 , Dhaka","Jun 27, 2026 10:39 AM",9,new,Auto-extracted via extension.
2026-06-28,facebook,Maharaja Sweets,https://www.facebook.com/themaharajasweetsbd,restaurant,25K followers,,+8801759020407,,false,"Sector-13, Purbachal, Dhaka","Jun 28, 2026 5:53 PM",10,new,Auto-extracted via extension.
2026-06-28,facebook,ঢাকা টাইলস মার্বেল কন্ট্রাক্টর,https://www.facebook.com/diprochandro,home,34K followers,rkragdepdas@gmail.com,+8801628406229,https://tiktok.com/@dipro.chandro.das,true,Dhaka,"Jun 28, 2026 2:24 PM",10,new,Auto-extracted via extension.
2026-06-28,facebook,VERDE,https://www.facebook.com/verdebd,restaurant,65K followers,info@verdebakery.com,+8801850074563,http://www.verdebakery.com/,true,"Road, Uttara, Dhaka, Bangladesh, 1230
Dhaka, Dhaka","Jun 28, 2026 7:11 PM",10,new,Auto-extracted via extension.
2026-06-28,facebook,Aljazira Supermarket,https://www.facebook.com/aljazirasupermarkets,retail,21K followers,marketing@aljaziragroup.com.bh,+973 1772 0700,https://aljazirasupermarkets.com/,true,,"Jun 27, 2026 9:40 PM",8,new,Auto-extracted via extension. Manual input — Phone: +973 1772 0700.
2026-06-28,facebook,Baggitude,https://www.facebook.com/Baggitude,services,66K followers,baggitudeclub@gmail.com,+8801726577781,http://www.baggitude.com/,true,"Level 3 The Alliance Building 63/Ka Pragati Sarani , Dhaka",1w,9,new,Auto-extracted via extension.
2026-06-28,facebook,Sohanitaa’s Dream Shop,https://www.facebook.com/profile.php?id=61587747255558,retail,12K followers,,+8801919839366,,false,Dhaka,1h,9,new,Auto-extracted via extension.
2026-06-28,facebook,Shidur,https://www.facebook.com/shidur.bd,retail,378K followers,shethimir@yahoo.com,"+8801685296168, +8801681523241",http://www.shidurbd.com/,true,Dhaka,"Jun 28, 2026 7:41 PM",10,new,Auto-extracted via extension.
2026-06-28,facebook,Azraan - আজরান,https://www.facebook.com/profile.php?id=61576739306861,retail,54K followers,,+8801771774304,http://www.azraanbd.com/,true,"Road Shamoly, Dhaka","Jun 28, 2026 6:25 PM",9,new,Auto-extracted via extension.
2026-06-28,facebook,Naim Nursery,https://www.facebook.com/profile.php?id=100092686444568,retail,43K followers,shakibhasannaim@gmail.com,"+8801798455583, +201798455583",http://www.naimnursery.com/,true,,6d,8,new,Auto-extracted via extension.
2026-06-29,facebook,Pick NB Happy,https://www.facebook.com/womensfashionbd,fashion,1.1K followers,shanjidarahman99@gmail.com,+8801778898296,,false,Dhaka,11h,10,new,Auto-extracted via extension.
2026-06-29,facebook,Krystal clear fashion BD,https://www.facebook.com/krystalClearFashionBD,fashion,32K followers,krystalclear.bd@gmail.com,+8801974503948,https://www.tiktok.com/@krystalclearfashionbd,true,Dhaka,11h,9,new,Auto-extracted via extension.
2026-06-29,facebook,The Runner Shop BD Rebound X,https://www.facebook.com/profile.php?id=61551437696619,retail,1.8K followers,therunnershopbd@gmail.com,"+8801977800290, +6805066579, +6815066579",,false,"Street, Wari, Dhaka, Dhaka","Jun 28, 2026 6:50 PM",10,new,Auto-extracted via extension.
2026-06-29,facebook,Passion By Shanta,https://www.facebook.com/passionbyshantabd,fashion,26K followers,shalinaakhtar198@gmail.com,+8801357044005,,false,Dhaka,"Jun 29, 2026 10:10 AM",10,new,Auto-extracted via extension.
2026-06-29,facebook,Cosmetic Zone,https://www.facebook.com/ctg.cosmetic.zone,fashion,120K followers,,+8801537026737,https://www.cosmeticzonechittagong.com/,true,Chittagong,2h,8,new,Auto-extracted via extension.
2026-06-29,facebook,Beauty Finds BD,https://www.facebook.com/beautyfindsbd,beauty,69K followers,beautyglazedonline@gmail.com,+8801617936039,https://www.facebook,true,Dhaka,15h,9,new,Auto-extracted via extension.
2026-06-29,facebook,Handmade Clothes,https://www.facebook.com/handmadeclothsdhk,baby,280K followers,,+8801858088929,,false,Dhaka,"Jun 29, 2026 11:40 AM",10,new,Auto-extracted via extension.
2026-06-29,facebook,Veneto Furniture.bd,https://www.facebook.com/p/Veneto-Furniturebd-100064990772307,general,82K followers,,"+8801680849579, +8801711358726",,false,"Building: Point Eleven (BFC Building)
House 25
Road 11 (Banani)
Block H
Floor B2 (1st Floor) (1ST FLOOR OF BFC BUILDING)
Banani Dhaka","Jun 29, 2026 2:20 AM",10,new,Auto-extracted via extension.
2026-06-29,facebook,BD Furniture,https://www.facebook.com/bdfurniture.com.bd,home,198K followers,bdfurnitureinfo@gmail.com,"+8801678210209, +8801678210201",http://www.livingviewbd.com/,true,"Avenue, Post Office Road, Moddho Badda, Dhaka, 1212
Rangpur, Rangpur Division, Bangladesh · Khulna, Khulna",17h,9,new,Auto-extracted via extension.
2026-06-29,facebook,Banzaar,https://www.facebook.com/banzaar1,retail,185K followers,banzaarofficial@gmail.com,"+8801932388598, +9691644106",https://tiktok.com/@banzaar_,true,Dhaka,16h,9,new,Auto-extracted via extension.
2026-06-29,facebook,Only Phone Accessories,https://www.facebook.com/OnlyPhoneAccessories.BD,retail,17K followers,,+8801841810133,http://www.phoneaccessoriesbd.com/,true,"District->110/= & Thana->140/= / Pathao->130/= & RedX 130/=
👉Outside Dhaka","Jun 28, 2026 9:20 PM",9,new,Auto-extracted via extension.
2026-06-29,facebook,NJ Diamonds,https://www.facebook.com/njdiamondsltd,general,2.5K likes,,+8801799993388,,false,,"Jun 27, 2026 10:00 AM",9,new,Auto-extracted via extension.
2026-06-29,facebook,Uzmah,https://www.facebook.com/uzmahbyantara,fashion,141K followers,uzmahbyantara@gmail.com,+8801796927429,,false,Dhaka,"Jun 27, 2026 7:19 PM",10,new,Auto-extracted via extension.
2026-06-29,facebook,Heavenly Bags,https://www.facebook.com/premiumbagsbybagheaven,general,48K followers,,+8801969578938,,false,Dhaka,"Jun 28, 2026 10:15 PM",9,new,Auto-extracted via extension.
2026-06-29,facebook,Bags N Packs,https://www.facebook.com/bgsnpacks,education,117K followers,zobayda.mahi@gmail.com,"+8801725530082, +8801818212847",https://bagsnpacks.bitrix24.site/,true,"Road - 05, Block - C, House - 01, Section - 10, Mirpur., Dhaka, Bangladesh, 1216
Dhaka, Dhaka",21h,9,new,Auto-extracted via extension.
2026-06-29,facebook,Phone Case BD,https://www.facebook.com/PhoneCaseBD2022,retail,59K followers,mobile.coverbd355@gmail.com,"+8801890510234, +8801609448881",https://ourphonecasebd.com/,true,Dhaka,2d,9,new,Auto-extracted via extension.
2026-06-29,facebook,Headphone State,https://www.facebook.com/headphonestate,retail,9.4K followers,support@headphonestate.store,+8801906062002,https://www.headphonestate.store/,true,Dhaka,"Jun 27, 2026 9:25 PM",10,new,Auto-extracted via extension.
2026-06-29,facebook,Phone Cover Bangladesh,https://www.facebook.com/phonecoverbangladesh,retail,17K followers,pcbd.official@gmail.com,+8801568485059,,false,"Avenue, Khaddar Bazar Shopping Complex, Level 5, GPO, Dhaka, Bangladesh, 1000
Dhaka, Dhaka","Jun 29, 2026 4:18 PM",10,new,Auto-extracted via extension.
2026-06-29,facebook,CASE N COVER,https://www.facebook.com/caseeeNcoverrr,services,10K likes,caseencoverr@gmail.com,+8801999957788,,false,Dhaka,"Jun 28, 2026 10:38 PM",10,new,Auto-extracted via extension.
2026-06-29,facebook,Foreign collection fashion house,https://www.facebook.com/Foreigncollectionbd,fashion,416K followers,,+8801980581668,,false,"Level-2, Rapa Plaza, Dhanmandi-27(Old), Dhaka","Jun 29, 2026 4:35 PM",10,new,Auto-extracted via extension.
2026-06-29,facebook,Tasu Fashion House,https://www.facebook.com/tasuabraz,fashion,200K followers,,+8801684882166,,false,"Road Chawkbazar dhaka, Dhaka, Bangladesh, 1211
Dhaka, Dhaka","Jun 23, 2026 10:15 PM",10,new,Auto-extracted via extension.
2026-06-29,facebook,Fashion House,https://www.facebook.com/fashionhouse134,fashion,151K followers,sakshee.singh2013@gmail.com,+91 99300 36475,,false,,"Jun 29, 2026 1:56 PM",9,new,Auto-extracted via extension. Manual input — Phone: +91 99300 36475.
2026-06-29,facebook,Style & Smile Fashion House,https://www.facebook.com/Styleandsmilefashionhouse,fashion,3.5K followers,styleandsmile430@gmail.com,+8801974886140,https://www.facebook,true,"House 20, Road 7, Sector1 , Uttara, Dhaka. , Dhaka",5w,9,new,Auto-extracted via extension.
2026-06-29,facebook,Stitches Bangladesh,https://www.facebook.com/OfficialStitchesBD,fashion,67K followers,stitchesbangladesh@gmail.com,"+8801701825292, +8801309008342, +8801950169091",https://tiktok.com/@stitches_bangladesh,true,"Level 3, Jamuna Future Park., Dhaka, Bangladesh, 1229 · Shop No: 201, 1st floor, Rupayan Shopping Square, Bashundhara R/A. Dhaka",4h,9,new,Auto-extracted via extension.
2026-06-29,facebook,Jewellery accessories and other collections,https://www.facebook.com/hizabicaccessories,jewelry,29K followers,jewelleryaccessories18@gmail.com,+8801842005564,https://www.youtube,true,Dhaka,2d,9,new,Auto-extracted via extension.
2026-06-29,facebook,Alif Jewellers and Diamond,https://www.facebook.com/alifjewellersanddiamond,jewelry,279K followers,,+8801403927706,http://alifjewellersanddiamond.com/,true,"Road-144, Police Plaza Concord Shopping Mall, Dhaka 1212, Dhaka, Bangladesh, 1212
Dhaka, Dhaka",3h,8,new,Auto-extracted via extension.
2026-06-30,facebook,Fashion Hub,https://www.facebook.com/fashionhub.com.0,fashion,142K followers,mdtanvirhasan550@gmail.com,+8801790716455,https://tiktok.com/@fashionhub203,true,Dhaka,"Jun 29, 2026 12:11 AM",10,new,Auto-extracted via extension.
2026-06-30,facebook,Buy From USA,https://www.facebook.com/myusamall,services,23K followers,buyfromusa2@gmail.com,+2992110253,,false,Dhaka,"Jun 29, 2026 11:48 PM",10,new,Auto-extracted via extension.
2026-06-30,facebook,One Purchase bd,https://www.facebook.com/OnePurchaseBD,fashion,232K followers,,+8801714529059,,false,Dhaka,18h,9,new,Auto-extracted via extension.
2026-06-30,facebook,Time Gadget Bangladesh,https://www.facebook.com/Timegadgetbd,retail,3.4K followers,,+8801521101476,,false,Dhaka,4w,9,new,Auto-extracted via extension.
2026-06-30,facebook,Gift Land,https://www.facebook.com/profile.php?id=61572204806754,general,13K followers,,+8801730517880,http://www.giftland.com/,true,Dhaka,"Jun 28, 2026 7:22 PM",9,new,Auto-extracted via extension.
2026-06-30,facebook,𝘚𝘏𝘖𝘉𝘐𝘌,https://www.facebook.com/profile.php?id=100087490127068,general,7.8K followers,shobieshopfficial@gmail.com,+8801848052989,,false,Dhaka,"Jun 29, 2026 7:58 PM",10,new,Auto-extracted via extension.
2026-06-30,facebook,Diva's Secret,https://www.facebook.com/Divassecretofficial,healthcare,217K followers,hello@purplecare.xyz,+8801989880088,https://www.myaura.xyz/,true,"House 4 (1st floor), Road 2, Baridhara J Block 1212., Dhaka, Bangladesh, 1212
Dhaka, Dhaka",21h,9,new,Auto-extracted via extension.
2026-06-30,facebook,Orange City Shop,https://www.facebook.com/profile.php?id=61573647058703,retail,35K followers,orangecityshop4@gmail.com,+8801338007066,https://tiktok.com/@orangecityshop,true,Dhaka,"Jun 30, 2026 12:55 PM",10,new,Auto-extracted via extension.
2026-06-30,facebook,Artistic Wallery,https://www.facebook.com/profile.php?id=61557221499203,home,18K followers,artisticwallery@gmail.com,+8801856880803,https://pinterest.com/ArtisticWallery,true,Chittagong,"Jun 29, 2026 8:25 PM",10,new,Auto-extracted via extension.
2026-06-30,facebook,Homedecore BD,https://www.facebook.com/Kitcheniteamscollection,general,3.5K followers,,+8801767177629,http://www.bestreviewsbd.com/,true,Upazila Dupchachia Dhaperhat Bazar in Bogra,"Jun 30, 2026 12:05 AM",9,new,Auto-extracted via extension.
2026-06-30,facebook,Muslim Furniture BD,https://www.facebook.com/muslimfurniturebd,home,35K followers,muslimfurniturebd@gmail.com,"+8801772233939, +101772233939",https://tiktok.com/@muslim.furniture.bd1%3F_t%3DZS-90XV6vqVMAL%26_r%3D1,true,"Road, Uttar Badda, , Dhaka, Bangladesh, 1212
Dhaka, Dhaka","Jun 30, 2026 2:18 AM",10,new,Auto-extracted via extension.
2026-06-30,facebook,Achievers Choice,https://www.facebook.com/AchieversChoice.bd,home,65K followers,achieverschoice927@gmail.com,+8801714538744,http://achieverschoice.info/,true,"Block-D,Mirpur-1,Lal Kuthi Bazar, Mazar Road ,Dhaka, Mirpur, Bangladesh, 1216
Khulna, Khulna",19h,9,new,Auto-extracted via extension.
2026-06-30,facebook,Asia Jewels,https://www.facebook.com/asiajewels2022,fashion,538K followers,asiajewelsbd@gmail.com,+8801322092947,http://www.asiajewelsbd.com/,true,"Floor), Pink City Shopping Complex, Gulshan 2, || Chittagong","Jun 30, 2026 3:34 PM",10,new,Auto-extracted via extension.
2026-06-30,facebook,Miracle BD,https://www.facebook.com/MiracleBD01,home,50K followers,miraclebd1@gmail.com,"+8801789648666, +8801590088984, +8801675210377",,false,"Road, Uttar Badda, Dhaka","Jun 26, 2026 2:33 PM",10,new,Auto-extracted via extension.
2026-06-30,facebook,DECOR n ALL BD,https://www.facebook.com/decornallbd,home,2K followers,razzaq.pintu.lrg@gamil.com,+8801772116111,,false,Dhaka,"Jun 30, 2026 10:58 AM",10,new,Auto-extracted via extension.
2026-06-30,facebook,Pozzo Toys,https://www.facebook.com/pozzotoys,general,20K followers,pozzotoys@gmail.com,+8801963010879,,false,Narayanganj,"Jun 30, 2026 12:35 PM",10,new,Auto-extracted via extension.
2026-06-30,facebook,Footpace,https://www.facebook.com/footpace19,retail,22K followers,rockyrahman1415@gmail.com,+8801879572348,,false,"floor,kajir dewri,Chittagong, Chittagong",2h,10,new,Auto-extracted via extension.
2026-06-30,facebook,Noya,https://www.facebook.com/noyababies,baby,26K followers,clothingnoya@gmail.com,+8801812084303,,false,Chittagong,"Jun 30, 2026 12:52 PM",10,new,Auto-extracted via extension.
2026-06-30,facebook,Estilista By Symun Solaiman,https://www.facebook.com/Estilistabysymunsolaiman,beauty,40K followers,,+8801757574305,,false,"Road (Bir Uttam K.M. Shafiullah Road) Dhanmondi , Dhaka","Jun 30, 2026 10:30 AM",10,new,Auto-extracted via extension.
2026-06-30,facebook,Dizzy Clothing,https://www.facebook.com/Dizzy.Clothing.by.NISA,fashion,37K followers,,,,false,Narayanganj,6d,8,new,Auto-extracted via extension.
2026-06-30,facebook,Anker Bangladesh,https://www.facebook.com/anker.innovation.bd,retail,62K followers,info@ankerbangladesh.com.bd,,http://www.ankerbangladesh.com.bd/,true,"Road, Room No: 6/10, Eastern Plaza (5th Floor), Dhaka",1d,8,new,Auto-extracted via extension.
2026-06-30,facebook,Mimosa Boutique,https://www.facebook.com/mimosadhaka,fashion,449K followers,mimosaboutiquebd@gmail.com,+8801782846083,,false,"level 2 Police Plaza Concord Shopping Mall, Gulshan-1, Dhaka, Bangladesh, Dhaka",3h,10,new,Auto-extracted via extension.
2026-06-30,facebook,Nutmeg Bangladesh,https://www.facebook.com/1newgameeveryday,fashion,13K followers,,+8801855470893,,false,Dhaka,"Jun 25, 2026 3:53 PM",10,new,Auto-extracted via extension.
2026-06-30,facebook,Fashion Classy,https://www.facebook.com/fashionclassybd,fashion,1M followers,fashionclassy19@gmail.com,,https://tiktok.com/@fashionclassybd,true,Dhaka,5h,8,new,Auto-extracted via extension.
2026-06-30,facebook,Glamorus Designer,https://www.facebook.com/glamorusdesigner,general,136K followers,shimugd@gmail.com,+8801759080898,https://glamorousdesigner.company.site/,true,"Floor,Block# A , Lalmatia,House#3/1-3/2,Dhanmondi 27, Mirpur road Dhaka",1h,9,new,Auto-extracted via extension.
2026-06-30,facebook,JAHAN Designer Attire,https://www.facebook.com/JahanDesignerAttire,general,50K followers,,+8801623074590,,false,"House-4,(ground floor) Road-13, Sector-13,Uttara., Dhaka, Bangladesh, 1230
Dhaka, Dhaka",16h,9,new,Auto-extracted via extension.
2026-06-30,facebook,MK Creation bd,https://www.facebook.com/mkdiamondbd,jewelry,40K followers,,+8801922883028,http://www.mkcreationbd.com/,true,"Level-2, VIP Road, SKS Tower, Mohakhali, Dhaka, Bangladesh, 1212
Chittagong, Chittagong Division, Bangladesh · Cox's Bazar, Chittagong",2d,8,new,Auto-extracted via extension.
2026-06-30,facebook,Diamond Point,https://www.facebook.com/diamondpoint0,jewelry,91K followers,diamondpoint02@gmail.com,"+8801704633175, +8801818907988, +8801919907988, +8801715978149, +8801339410455",https://www.facebook,true,"Level: 7, Block: B, Shop: 27-28 , Dhaka, Bangladesh, 1215
Dhaka, Dhaka","Jun 29, 2026 8:03 PM",10,new,Auto-extracted via extension.
2026-07-01,facebook,BD Online Shopping,https://www.facebook.com/BDshoping,fashion,59K followers,,+8801741308985,,false,Dhaka,"Jul 1, 2026 7:57 AM",10,new,Auto-extracted via extension.
2026-07-01,facebook,Bd Craft Corner,https://www.facebook.com/bdcraftcorne,retail,27K followers,johrarahmaneasha@gmail.com,+8801799495839,,false,Dhaka,"Jun 28, 2026 1:38 PM",10,new,Auto-extracted via extension.
2026-07-01,facebook,Ashraf's zone,https://www.facebook.com/profile.php?id=61560856173241,retail,13K followers,ashrafszoneclothingbd@gmail.com,"+8801604179937, +101604179937",https://xn--wwwashrafszone-8b3h.com/,true,Dhaka,"Jun 26, 2026 3:58 AM",10,new,Auto-extracted via extension.
2026-07-01,facebook,Prime Sweets & Bakery Ltd.,https://www.facebook.com/primesweets2,restaurant,11K followers,primesweets2@gmail.com,+8801304779530,,false,"Road Farmgate Tejgaon Dhaka 1215, Dhaka","Jun 18, 2023 3:26 AM",7,new,Auto-extracted via extension.
2026-07-01,facebook,Global Gourmet,https://www.facebook.com/profile.php?id=61564421802265,retail,1.2K followers,toirantraders@gmail.com,"+8801729929878, +8801725838748",,false,"House number - 5, Road number - 135 Nobab mention,Gulshan 1, Dhaka, Bangladesh, 1212
Khulna, Khulna Division, Bangladesh · Rajshahi",29w,10,new,Auto-extracted via extension.
2026-07-01,facebook,Cozy Corner,https://www.facebook.com/shopcozycorner,retail,18K followers,shopcozycornerbd@gmail.com,+8801410299603,,false,Dhaka,2w,10,new,Auto-extracted via extension.
2026-07-01,facebook,Dubai shopping BD,https://www.facebook.com/profile.php?id=100063914950792,baby,62K followers,,+8801533841831,,false,Dhaka,1h,9,new,Auto-extracted via extension.
2026-07-01,facebook,Taqwa Collection,https://www.facebook.com/taqwacollectiondhk,baby,13K followers,taqwacollection53@gmail.com,+8801727606651,,false,Dhaka,"Jul 1, 2026 10:13 AM",10,new,Auto-extracted via extension.
2026-07-01,facebook,"Your’s favourite Oishee 
(Oishee online shop)",https://www.facebook.com/YoursfavouriteOishee,retail,89K followers,oisheehussain098@gmail.com,+8801609215516,https://yoursfavouriteoishee.ebitans.store/,true,Dhaka,"Jul 1, 2026 7:04 PM",10,new,Auto-extracted via extension.
2026-07-01,facebook,"ANAYA Gallary  
(Anaya Bag Gallery)",https://www.facebook.com/profile.php?id=61556442320595,services,145K followers,anikm4483@gmail.com,+8801730967700,,false,Dhaka,"Jul 1, 2026 6:40 PM",10,new,Auto-extracted via extension.
2026-07-01,facebook,Fashion Mine-ফ্যাশন মাইন,https://www.facebook.com/deepikasaha557,fashion,5K followers,deepikasaha557@gmail.com,+8801928696980,https://www.facebook,true,Mymensingh,1d,9,new,Auto-extracted via extension.
2026-07-01,facebook,WAHFY,https://www.facebook.com/wahfy.com.bd,fashion,41K followers,,+8801987888827,,false,Dhaka,5w,9,new,Auto-extracted via extension.
2026-07-01,facebook,Bigbasket,https://www.facebook.com/Bigbasketcom,retail,815K followers,customerservice@bigbasket.com,+91 1860 123 1000,http://bigbasket.com/,true,,"Jun 30, 2026 7:25 PM",8,new,Auto-extracted via extension. Manual input — Phone: +91 1860 123 1000.
2026-07-02,facebook,Rinayna,https://www.facebook.com/rinayanarn,fashion,67K followers,rinayna62@gmail.com,,,false,Dhaka,2d,9,new,Auto-extracted via extension.
2026-07-02,facebook,Green Fruits,https://www.facebook.com/GreenFruitsss,retail,4.5K followers,info.greenfruits@gmail.com,+8801540509144,,false,"House-70(k), Road-05, Banani, Dhaka, Dhaka, Bangladesh, 1213
Rangpur, Rangpur Division, Bangladesh · Khulna, Khulna","Jul 1, 2026 9:45 PM",10,new,Auto-extracted via extension.
2026-07-02,facebook,Baby Plants,https://www.facebook.com/profile.php?id=100085597160479,baby,72K followers,babyplants2022@gmail.com,"+8801312333551, +8801881239442",https://zatiqeasy.com/shop/94535,true,Rangpur,10h,9,new,Auto-extracted via extension.
2026-07-02,facebook,Crushy Cosmic,https://www.facebook.com/profile.php?id=61565924155288,retail,72K followers,crushycosmic2024@gmail.com,+8801897580267,https://tiktok.com/@crushy.cosmi,true,Dhaka,10h,9,new,Auto-extracted via extension.
2026-07-02,facebook,Style Loft BD,https://www.facebook.com/styleloftbd2020,fashion,53K followers,,"+8801339610382, +1701339610382",,false,Dhaka,"Jun 2, 2026 7:03 PM",10,new,Auto-extracted via extension.
2026-07-02,facebook,Paloi,https://www.facebook.com/paloibd,fashion,99K followers,paloibangladesh@gmail.com,"+8801768448201, +101768448201",https://tiktok.com/@paloibd%3F_t%3D8opLXfdo8tV%26_r%3D1,true,,11h,8,new,Auto-extracted via extension.
2026-07-02,facebook,La esthetics,https://www.facebook.com/profile.php?id=100063654771310,retail,91K followers,laesthetics624@gmail.com,+8801959499420,https://laesthetics.myecom.site/,true,Dhaka,10h,9,new,Auto-extracted via extension.
2026-07-02,facebook,রত্নবালি-Ratnabali,https://www.facebook.com/ratnaabali,general,9.3K followers,ratnaabali2024@gmail.com,,https://tiktok.com/@ratnaabali,true,,2d,7,new,Auto-extracted via extension.
2026-07-02,facebook,Arwaah's Collection,https://www.facebook.com/accollection00,fashion,34K followers,arwaahhossen2020@gmail.com,+8801619755612,,false,Dhaka,"Jul 2, 2026 9:28 AM",10,new,Auto-extracted via extension.
2026-07-02,facebook,President Bag and Luggage,https://www.facebook.com/presidentbagandluggage,services,28K followers,presidentbagbd@gmail.com,,https://presidentbagbd.com/,true,"Floor ]New Market city complex ( Biswas Builders) New Market Dhaka -1205, Dhaka",6w,8,new,Auto-extracted via extension.
2026-07-02,facebook,Noor of Heaven,https://www.facebook.com/noorofheaven,services,71K followers,noorofheav3n@gmail.com,+8801750449719,,false,Chittagong,33m,10,new,Auto-extracted via extension.
2026-07-02,facebook,Barely Dew BD,https://www.facebook.com/profile.php?id=61581646177014,skincare,13K followers,barelydewbd@gmail.com,+8801511571935,,false,Dhaka,"Jul 1, 2026 11:36 PM",10,new,Auto-extracted via extension.
2026-07-02,facebook,In Style by Mukta,https://www.facebook.com/Instylebymukta,fashion,6.7K followers,brandroot70@gmail.com,+8801878937331,,false,Dhaka,7h,10,new,Auto-extracted via extension.
2026-07-02,facebook,Bismillah Gift Corner,https://www.facebook.com/bismillahgc,general,25K followers,bismillah88@gmail.com,"+8801978178307, +8801982756726",https://www.bismillahcorner.com/,true,"block A, Goli 11 store number 292., Dhaka",17h,9,new,Auto-extracted via extension.
2026-07-02,facebook,Craft world,https://www.facebook.com/craftworld999,home,34K followers,,,,false,,5 weeks ago,8,new,Auto-extracted via extension.
2026-07-02,facebook,Out Fit,https://www.facebook.com/outfit.global,retail,878K followers,00iqbaloutfit@gmail.com,"+8801896042222, +8801673359761, +8801303567106, +8801896044116, +0189604222200",https://outfitbd.shop/,true,Dhaka,2h,9,new,Auto-extracted via extension.
2026-07-02,facebook,Shopping Mania,https://www.facebook.com/shoppingmaniabdesh,beauty,142K followers,,+8801781297607,http://www.shoppingmaniabd.com/,true,"level 1,SKSTower,Mohakhali, Dhaka",1d,8,new,Auto-extracted via extension.
2026-07-02,facebook,Happy DooR,https://www.facebook.com/HossainAhmadKawsar100,home,117K followers,kawserahmed101010@gmail.com,"+8801680840694, +8801975515335, +8801925515334",,false,"House- Arif Commercial Complex 1st floor Jatrabari rayarbag near jamuna bank ,Dhaka","Jul 1, 2026 2:12 PM",10,new,Auto-extracted via extension.
2026-07-02,facebook,Artifex Furniture,https://www.facebook.com/profile.php?id=61560352716152,home,47K followers,artifexdecoryourdreams@gmail.com,"+8801757758388, +8801627101272",https://tiktok.com/@artifexdecoryourd,true,,"Jun 30, 2026 9:22 PM",9,new,Auto-extracted via extension.
2026-07-02,facebook,ARIF Electronics BD,https://www.facebook.com/arifelectronicsbd,retail,610 followers,bdarifelectronics@gmail.com,+8801317447974,http://t.me/arifele,true,Dhaka,"Jul 2, 2026 7:37 AM",10,new,Auto-extracted via extension.
2026-07-02,facebook,Traveler Gear,https://www.facebook.com/travelergearbd,retail,4K followers,,+8801611197468,https://linktr.ee/Travelergear,true,"House #01, Lane #11, Block #C, Mirpur-10, Dhaka",2d,8,new,Auto-extracted via extension.
2026-07-02,facebook,Mehek's Collection,https://www.facebook.com/Mehekscollection1,general,22K likes,,+8801911998638,http://www.mehekscollection/,true,Dhaka,1w,7,new,Auto-extracted via extension.
2026-07-02,facebook,Go Glam,https://www.facebook.com/goglambangladesh,jewelry,184K followers,goglambangladesh@gmail.com,+8801635423288,,false,,1h,9,new,Auto-extracted via extension.
2026-07-02,facebook,Helpful Perfumes,https://www.facebook.com/helpfulperfumes,retail,14K followers,,+8801344870322,,false,"House#33, Road#03, Block#B, Banasree, Dhaka, Dhaka","Jul 2, 2026 11:47 AM",10,new,Auto-extracted via extension.
2026-07-02,facebook,Soldiers 1.0,https://www.facebook.com/profile.php?id=61561336541627,general,31K followers,,+8801781495080,https://soldier.sellbd.shop/,true,"lane,gavtola,moghbazar, Dhaka, Bangladesh, Dhaka, Bangladesh, 1217
Dhaka, Dhaka",1d,8,new,Auto-extracted via extension.
2026-07-02,facebook,Elite Choice,https://www.facebook.com/the.eliteavijatto,general,19K followers,,"+8801728765584, +8801873415950",https://www.instagram,true,Chittagong road,22h,8,new,Auto-extracted via extension.
2026-07-02,facebook,Eskay Decor,https://www.facebook.com/EskayDecor,general,69K followers,,+8801767695074,,false,"Road, Rupayan Shopping Square, Ground floor. Shop no :114/120 Bashundhara R/A, Dhaka, Bangladesh
Dhaka, Dhaka",2h,8,new,Auto-extracted via extension.
2026-07-02,facebook,Home Heaven,https://www.facebook.com/profile.php?id=61583659277393,home,161K followers,,,,false,"House #3 , Road no - 14 , L block , South banasree , Dhaka",1h,8,new,Auto-extracted via extension.
2026-07-02,facebook,Rainy Roof Restaurant,https://www.facebook.com/Rainyroof,restaurant,79K followers,rainyroofdhaka@gmail.com,"+8801716880888, +8801409880888",http://www.rainyroof.com/,true,Dhaka,10m,9,new,Auto-extracted via extension.
2026-07-02,facebook,The Red Chamber,https://www.facebook.com/theredchamber,restaurant,35K followers,,+8801316048262,,false,"Level 13, Hamid Tower, Gulshan Circle 2, Dhaka",5d,9,new,Auto-extracted via extension.
2026-07-02,facebook,Thrift Fashion BD,https://www.facebook.com/thriftfashionbd,fashion,3K followers,mdrabbikhan664@gmail.com,+8801767778067,,false,Dhaka,"Jun 29, 2026 3:29 PM",10,new,Auto-extracted via extension.
2026-07-02,facebook,Safina's Kitchen,https://www.facebook.com/your.safinaskitchen,general,1.3K followers,dewanibadu@gmail.com,+61 450 993 913,,false,,"Jul 1, 2026 3:41 PM",10,new,Auto-extracted via extension. Manual input — Phone: +61 450 993 913.
2026-07-02,facebook,Kabsa House BD,https://www.facebook.com/kabsahousebd,services,6.3K followers,kabsahousebd@gmail.com,+8801302898110,,false,"Dhaka Division, Bangladesh
Contact info
 kabsahouse","Jul 2, 2026 3:26 PM",10,new,Auto-extracted via extension.
2026-07-02,facebook,Junosol Home,https://www.facebook.com/Junosol.Home,home,38K followers,junosol.home@gmail.com,+8801773740564,,false,"Dhaka, Bangladesh, 1213
Communities
Junosol Home Broad",14h,10,new,Auto-extracted via extension.
2026-07-02,facebook,HM Boutique,https://www.facebook.com/hm.boutiques.bd,fashion,29K followers,,+8801973607457,,false,Dhaka,"Jul 2, 2026 3:01 PM",10,new,Auto-extracted via extension.
2026-07-02,facebook,Noor Jewellers BD,https://www.facebook.com/NoorJewellers01,general,329K followers,,"+8801828686868, +8801894434200, +8801894434201, +8801894434197, +8801894434204, +8801894434198, +8801898448996",http://www.noorjewellersbd.com/,true,"Level - 7, Block -D, Shop No-16 & 17, Panthapath, Dhaka., Dhaka, Bangladesh · Khandakar Haque Tower, Kandirpar, Cumilla., Comilla",1m,8,new,Auto-extracted via extension.
2026-07-02,facebook,,https://www.facebook.com/arwearrBD,general,3.1K followers,arwearbd@gmail.com,+8801810150522,,false,Dhaka,"Jun 30, 2026 11:03 PM",10,new,Auto-extracted via extension.
2026-07-02,facebook,CreativeArt,https://www.facebook.com/creativeart456,fashion,12K followers,creativeart7555@gmail.com,+8801855502755,,false,Dhaka,5d,10,new,Auto-extracted via extension.
2026-07-02,facebook,Nail art desire,https://www.facebook.com/nailartdesire,beauty,21K followers,,+8801707013220,,false,Dhaka,2h,9,new,Auto-extracted via extension.
2026-07-02,facebook,Sajeda’s Jewellery,https://www.facebook.com/Sajedajewellery,jewelry,15K followers,sajedacollection3@gmail.com,+8801791306444,http://www.sajedasjewellery.com/,true,"floor lift 2, Sylhet, Bangladesh, 3100
Sylhet, Sylhet",46m,9,new,Auto-extracted via extension.
2026-07-02,facebook,Unique Kurti,https://www.facebook.com/uniquekurtibd,fashion,144K followers,,+8801924642462,https://www.uniquekurtibd.com/,true,,23h,7,new,Auto-extracted via extension.
2026-07-02,facebook,Poroshmoni Saree,https://www.facebook.com/Poroshmonisaree,fashion,681K followers,,"+8801631733309, +8801746272244",http://www.poroshmonisaree.com/,true,"poroshmonisaree.com, · goo.gl, · tiktok.com",1h,8,new,Auto-extracted via extension.
2026-07-02,facebook,"Juirisha Door 
(জুইরিশা ডোর)",https://www.facebook.com/juirishadoor,fashion,239K followers,juirishadoorr@gmail.com,+8801959610740,http://www.juirisha.com/,true,"Level 2 Store 361 ( Juirisha Door ), Dhaka",1d,9,new,Auto-extracted via extension.
2026-07-02,facebook,Gadget Zone BD,https://www.facebook.com/info.gadgetzonebd,retail,11K followers,info.gadgetzonebd@gmail.com,+8801749280077,,false,Dhaka,"Jul 2, 2026 10:50 AM",10,new,Auto-extracted via extension.
2026-07-02,facebook,Gadgets Shelter,https://www.facebook.com/GadgetsShelter,retail,39K followers,,+8801346065481,,false,Dhaka,4h,9,new,Auto-extracted via extension.
2026-07-02,facebook,Rose Emporio,https://www.facebook.com/profile.php?id=61554254252715,jewelry,9.3K followers,,"+8801604521101, +1777671289",,false,"floor, Shop no-12, Banani , Dhaka, Bangladesh, 1213
Dhaka, Dhaka","Jul 2, 2026 4:31 PM",10,new,Auto-extracted via extension.
2026-07-02,facebook,Prionty House Design | Dhaka,https://www.facebook.com/priontyhousedesign,general,"448,619",,+8801782529245,,false,"House Design, Dhaka",,8,new,Auto-extracted via web extractor.
2026-07-02,facebook,Iris Fashion,https://www.facebook.com/irisfashion.com.bd,fashion,"956,617",irisfashion0102@gmail.com,+8801784218230,https://gmail.com/,true,,,8,new,Auto-extracted via web extractor.
2026-07-02,facebook,EQRA glam city,https://www.facebook.com/eqraglamcity,retail,"305,411",raju.hasan1986@gmail.com,+8801741721111,https://gmail.com/,true,Rangpur,,9,new,Auto-extracted via web extractor.
2026-07-02,facebook,Bhallagenaa,https://www.facebook.com/bhallagenaabd,fashion,"48,853",bhallagenaabd@gmail.com,+8801631137537,https://gmail.com/,true,,,9,new,Auto-extracted via web extractor.
2026-07-02,facebook,Femme'Z Fashion | Dhaka,https://www.facebook.com/femmezfashion,retail,"1,378,105",sareewaliinfo@gmail.com,+8801896222048,https://femmezfashion.com/,true,Dhaka,,9,new,Auto-extracted via web extractor.
2026-07-02,facebook,LIVE STYLE | Dhaka,https://www.facebook.com/LiveStyle.ro,fashion,"63,273",livestyle7000@gmail.com,+8801911094249,https://livestyleclothing.com/,true,"Wari, Dhaka Division, Bangladesh · Jatrabari, Dhaka",,9,new,Auto-extracted via web extractor.
2026-07-02,facebook,SA Fashion House | Ramna,https://www.facebook.com/sa.fsn.bd,fashion,"70,735",safashionhousebd01@gmail.com,+8801920072849,,false,Dhaka,,10,new,Extracted via Lead Manager Pro.
2026-07-02,facebook,Fairytale | Dhaka,https://www.facebook.com/ANNIARAFAT94,fashion,"449,148",maksuda.sultana.102@gmail.com,+8801712026029,,false,Dhaka,,10,new,Extracted via Lead Manager Pro.
2026-07-03 20:28:48,facebook,Test Lead Repro,https://facebook.com/test-repro-001,fashion,5000,,01711111111,,,,,7,new,
2026-07-03 20:49:09,facebook,NoTelegram Test,https://facebook.com/notg-001,fashion,3000,,01711111111,,,,,8,new,
2026-07-03 20:49:10,facebook,WithTelegram Test,https://facebook.com/withtg-001,fashion,3000,,01711111112,,,,,8,new,
2026-07-03 20:49:48,facebook,Quiet Test,https://facebook.com/quiet-001,fashion,3000,,01711111113,,,,,7,new,
2026-07-03 20:49:57,facebook,Quiet2,https://facebook.com/quiet-002,fashion,3000,,01711111114,,,,,7,new,
2026-07-03 20:50:18,facebook,UserPrefTest,https://facebook.com/userpref-001,fashion,3000,,01711111115,,,,,7,new,
2026-07-03 20:53:42,facebook,DebugX,https://facebook.com/debugx-001,fashion,3000,,01711111116,,,,,7,new,
2026-07-03 20:56:30,facebook,FixA,https://facebook.com/fixa-001,fashion,3000,,01711111120,,,,,7,new,
2026-07-03 20:56:31,facebook,FixB,https://facebook.com/fixb-001,fashion,3000,,01711111121,,,,,7,new,
2026-07-03 20:56:32,facebook,FixC,https://facebook.com/fixc-001,fashion,3000,,01711111122,,,,,7,new,
2026-07-03 20:58:54,facebook,End2EndDB,https://facebook.com/end2end-db-001,fashion,3000,,01711111130,,,,,7,new,
2026-07-03 20:58:55,facebook,End2EndTG,https://facebook.com/end2end-tg-001,fashion,3000,,01711111131,,,,,7,new,
2026-07-03 21:19:54,facebook,PostFix,https://facebook.com/postfix-001,fashion,3000,,01711111132,,,,,7,new,
2026-07-03 21:23:21,facebook,FinalTest,https://facebook.com/finaltest-001,fashion,,,01711111133,,,,,7,new,
2026-07-03 21:23:23,facebook,FinalTestTG,https://facebook.com/finaltesttg-001,fashion,,,01711111134,,,,,7,new,
2026-07-03 21:25:32,facebook,ExtensionNoToken,https://facebook.com/ext-notoken-001,general,,,,,,,,7,new,
2026-07-03 21:25:32,facebook,ExtensionDBOnly,https://facebook.com/ext-dbonly-001,fashion,,,01711111140,,,,,7,new,
2026-07-03 21:25:33,facebook,ExtensionTG,https://facebook.com/ext-tg-001,fashion,,,01711111141,,,,,7,new,
2026-07-03 21:25:58,facebook,ExtDBOnly2,https://facebook.com/extdbonly2-001,fashion,,,01711111150,,,,,7,new,
2026-07-03 21:25:59,facebook,ExtTG2,https://facebook.com/exttg2-001,fashion,,,01711111151,,,,,7,new,
2026-07-03,facebook,Siddiquea Gold Jewellery,https://www.facebook.com/masudjewelrybd,jewelry,367K followers,rkhalilur734@gmail.com,,https://peoplechoice24.com/,true,,1h,7,new,Auto-extracted via extension.
2026-07-03 21:41:05,facebook,BulkDel1,https://facebook.com/BulkDel1,fashion,3000,,01711111199,,,,,7,new,
2026-07-03 21:41:05,facebook,BulkDel2,https://facebook.com/BulkDel2,fashion,3000,,01711111199,,,,,7,new,
2026-07-03 21:41:05,facebook,BulkDel3,https://facebook.com/BulkDel3,fashion,3000,,01711111199,,,,,7,new,
2026-07-03 21:41:15,facebook,WebDBOnly,https://facebook.com/web-dbonly-001,fashion,3000,,01711111180,,,,,7,new,
2026-07-03 21:41:17,facebook,WebTG,https://facebook.com/web-tg-001,fashion,3000,,01711111181,,,,,7,new,
2026-07-03 22:17:47,facebook,TrashA,https://facebook.com/TrashA,fashion,3000,,01711111200,,,,,7,new,
2026-07-03 22:17:47,facebook,TrashB,https://facebook.com/TrashB,fashion,3000,,01711111200,,,,,7,new,
2026-07-03 22:17:48,facebook,TrashC,https://facebook.com/TrashC,fashion,3000,,01711111200,,,,,7,new,
2026-07-03,facebook,ExtractTest,https://facebook.com/extract-style-001,fashion,3000,,01711111190,,,,,7,new,
2026-07-03 22:47:12,facebook,EndTest,https://facebook.com/endtest-001,fashion,3000,,01711111191,,,,,7,new,
2026-07-03,facebook,SaveSingleTest,https://facebook.com/savesingle-001,general,1000,a@b.com,,,,,,7,new,Extracted via Lead Manager Pro.
2026-07-03,facebook,ExtractHangTest,https://facebook.com/extract-hang-001,fashion,1000,x@y.com,01711111199,https://x.com,true,,,7,new,Auto-extracted via web extractor.
2026-07-03,facebook,BrowserTest,https://facebook.com/browser-test-001,fashion,1000,,,,false,,,7,new,Auto-extracted via web extractor.
2026-07-03,facebook,RealisticSaveTest,https://facebook.com/realistic-save-001,fashion,1000,,,,false,,,7,new,Auto-extracted via web extractor.
2026-07-03,facebook,FinalReal,https://facebook.com/finalreal-001,fashion,1000,,,,false,,,7,new,Test
2026-07-03,facebook,This browser isn't supported,https://facebook.com/aquabatherapy,general,,,,,false,,,6,new,Auto-extracted via web extractor.
2026-07-03,facebook,Al Haramain Perfumes Bangladesh,https://www.facebook.com/AlHaramainBangladesh,retail,"226,164",bd.online@alharamainperfumes.com,+8801922257777,https://alharamainperfumes.com/bangladesh,true,,,8,new,Auto-extracted via web extractor.
2026-07-03,facebook,Burger Xpress | Dhaka,https://www.facebook.com/share/14gg6U4DNFM,retail,"78,406",burgerxpressbd@gmail.com,,https://burgerxpress.bd/,true,"Bashundhara, Kuwaiti Mosque Rd, Dhaka, Dhaka",,8,new,Auto-extracted via web extractor.
2026-07-04 00:33:40,facebook,RegularUserTest,https://facebook.com/regularuser-001,fashion,1000,,01711111200,,,,,7,new,
2026-07-04 00:33:41,facebook,AdminUserTest,https://facebook.com/adminuser-001,fashion,1000,,01711111201,,,,,7,new,
2026-07-04 00:58:38,facebook,BobsLead,https://facebook.com/bobslead-001,fashion,1000,,01711111300,,,,,7,new,
2026-07-04 00:58:39,facebook,AdminLead,https://facebook.com/adminlead-001,fashion,1000,,01711111301,,,,,7,new,
2026-07-04,facebook,Test Delete Lead,https://www.facebook.com/test-delete-lead-123,general,1000,test@example.com,+8801712345678,,,,,,new,
2026-07-04,facebook,Delete Test Lead,https://www.facebook.com/delete-test-lead-v2,general,5000,testdel@example.com,,,,,,,new,
2026-07-04,facebook,New Sonartari Jewellers,https://www.facebook.com/NewSonartariJewellers,general,154K followers,,01722114122,https://newsonartari.com/,true,"Level - 7, Block - C, Shop -51, Bashundhara City Shopping Mall, Panthapath, Dhaka","Jul 3, 2026 6:16 PM",8,new,Auto-extracted via extension. Manual input — Phone: 01722114122.
2026-07-04,facebook,Dhaka Boutiques & accessories,https://www.facebook.com/dhaka.botique,fashion,162K followers,dhaka.wholesale@gmail.com,+8801726222344,,false,Dhaka,"Jul 4, 2026 3:10 AM",10,new,Auto-extracted via extension.
2026-07-04,facebook,Royal Diamond,https://www.facebook.com/RoyalDiamondbd,jewelry,1M followers,royaldiamond_12@yahoo.com,"+8801772144475, +8801795096980, +8801810141561, +8801810141651, +8801715852602",https://www.youtube,true,"Avenue , Gulshan-1 (1st Floor), Shop No : 11-12-13, Dhaka, Bangladesh, 1212
Dhaka, Dhaka",1d,9,new,Auto-extracted via extension.
2026-07-04,facebook,Diamond World DNM (New Market Dhaka),https://www.facebook.com/DWLnewmarket,retail,892,info@diamondworldltd.com,,http://www.diamondworldltd.com/,true,Dhaka,,9,new,"Auto-extracted via web extractor. Manual input — Name: Diamond World DNM (New Market Dhaka), Email: info@diamondworldltd.com, Website: http://www.diamondworldltd.com/, Address: Dhaka."
2026-07-04,facebook,Face by Saleha,https://www.facebook.com/facebysaleha,beauty,275K followers,,+8801816689897,http://www.salehasarwar.com/,true,"Road 10 block D House 68 lift - 3 Banani model town Banani,Dhaka, Dhaka",2d,8,new,Auto-extracted via extension.
2026-07-04,facebook,Touch By Fatema,https://www.facebook.com/touchbyfatema,beauty,33K followers,easmin.sultana4321@gmail.com,,,false,"road, Dhanmondi, Dhaka",2d,9,new,Auto-extracted via extension.
2026-07-04,facebook,Clear Skin,https://www.facebook.com/ClearSkinBD,general,99K followers,help@clearskinbd.com,+8801711774278,https://clearskinbd.com/,true,"Floor), Dhanmondi 9/A, Dhaka",1d,8,new,Auto-extracted via extension.
2026-07-04,facebook,Handloom Of Bangladesh,https://www.facebook.com/HandloomOfbangladesh2,retail,27K,heritagehut86@gmail.com,+8801723094152,https://g.co/kgs/nKXX8Kb,true,dhaka,,10,new,Auto-extracted via web extractor.
2026-07-04,facebook,Thrift Tradesy,https://www.facebook.com/thrifttradesy.bd,fashion,11K,thrifttradesybd@gmail.com,,,false,Dhaka,,10,new,Extracted via Lead Manager Pro.
2026-07-04,facebook,Bangladesh Thrift,https://www.facebook.com/BangladeshThriftofficial,fashion,67K,bangladeshthrift@gmail.com,+8801953364476,,false,"badda,rampura,haterjil,nekayton,dhaka",,10,new,Extracted via Lead Manager Pro.
2026-07-04,facebook,Zara Beauty Shop,https://www.facebook.com/zarabeautyshop03,retail,59K,zarabeautyshop03@gmail.com,+8801941178454,,false,Gazipur,,10,new,Auto-extracted via web extractor.
2026-07-04,facebook,Style Me,https://www.facebook.com/stylemeofficial,retail,416K,,+8801684858775,http://www.styleme.official.com/,true,"Dhanmondi , Dhaka",,9,new,Auto-extracted via web extractor.
2026-07-04,facebook,Best & Budget,https://www.facebook.com/bestnbudget,retail,82K,bestbudget17.bd@gmail.com,+8801533206808,,false,Dhaka,,10,new,Auto-extracted via web extractor.
2026-07-04,facebook,Papri Jewellers,https://www.facebook.com/PapriJewellers,retail,1.3M,paprijewellersbd@gmail.com,+8801911190831,,false,"Level - 7, Block - D, Shop No - 53 , jewellery park Bashundhara_City_Shopping_Mall, Dhaka",,10,new,Auto-extracted via web extractor.
2026-07-05,facebook,Fidelis Mart,https://www.facebook.com/fidelismart,general,7K,,+8801346143048,,false,Dhaka,,10,new,Extracted via Lead Manager Pro.
2026-07-05,facebook,Jaisa's Fashion BD,https://www.facebook.com/JaisaFashionBD,fashion,544K,jaisafashionbd@gmail.com,+8801879829796,,false,"Level 1)Opposite of Selina Hospital, Mazar Road, Mirpur-1, Dhaka",,10,new,Auto-extracted via web extractor.
2026-07-05,facebook,Minbah,https://www.facebook.com/minbahBD,fashion,21K,minbah67@gmail.com,01945281228,,false,rajshahi,,10,new,Extracted via Lead Manager Pro.
2026-07-05,facebook,An Nupur's Collection,https://www.facebook.com/profile.php?id=61585189513106,fashion,12K,nupurahmed826@gmail.com,+8801329088124,,false,rajshahi,,10,new,Auto-extracted via web extractor.
